,patient_id,vol_voxCnt,vol_volume(in cm^3),MS_voxCnt,MS_volume(in cm^3),SC_voxCnt,SC_volume(in cm^3),GT_voxCnt,GT_volume(in cm^3),GT-MS_dice,GT-SC_dice,MS_SC_dice
0,WC-IRB1308014251_003,6323200.0,428298000.0,4810.0,325802.34375,4719.0,319638.515625,5862.0,397058.90625,0.7880434782608695,0.8887628768547396,0.7553783188162452
1,WC-IRB1308014251_008,5529600.0,518400000.0,51396.0,4818375.0,49033.0,4596843.75,52839.0,4953656.25,0.9858109080443229,0.9188196953039108,0.921566479801651
2,WC-IRB1308014251_011,4456448.0,827399690.0,82829.0,15378321.237679,71072.0,13195475.582275,74369.0,13807608.109779,0.8881537933052583,0.9764646832736299,0.8693900624427392
3,WC-IRB1308014251_020,5529600.0,627264000.0,10136.0,1149802.5,9929.0,1126320.9375,10851.0,1230910.3125,0.901510458855482,0.9554379210779596,0.8911039122850735
4,WC-IRB1308014251_025,2031616.0,223207846.875,11486.0,1261934.011745,11649.0,1279842.356157,13167.0,1446620.680189,0.826998742546546,0.9373791102514507,0.8090771558245083
5,WC-IRB1308014251_030,5529600.0,467856000.0,4670.0,395125.78125,5158.0,436415.15625,7565.0,640069.921875,0.5879852881078872,0.8087715161518509,0.5453805453805454
