,patient_id,vol_voxCnt,GT_voxCnt,MS_voxCnt,SC_voxCnt,GT-MS_dice,GT-SC_dice,MS_SC_dice
0,WC-IRB1308014251_003,6323200,5862,4810,4719,0.7880434782608695,0.8887628768547396,0.7553783188162452
1,WC-IRB1308014251_008,5529600,52839,51396,49033,0.9858109080443229,0.9188196953039108,0.921566479801651
2,WC-IRB1308014251_011,4456448,74369,82829,71072,0.8881537933052583,0.9764646832736299,0.8693900624427392
3,WC-IRB1308014251_020,5529600,10851,10136,9929,0.901510458855482,0.9554379210779596,0.8911039122850735
4,WC-IRB1308014251_025,2031616,13167,11486,11649,0.826998742546546,0.9373791102514507,0.8090771558245083
5,WC-IRB1308014251_030,5529600,7565,4670,5158,0.5879852881078872,0.8087715161518509,0.5453805453805454
